domain,xss
capnhq.gov,1
presidentialserviceawards.gov,1
americorpsoig.gov,1
ignet.gov,1
oversight.gov,1
denali.gov,1
bea.gov,1
census.gov,1
commerce.gov,1
drought.gov,1
eda.gov,1
mbda.gov,1
nehrp.gov,1
papahanaumokuakea.gov,1
time.gov,1
tsunami.gov,1
adlnet.gov,1
hive.gov,1
nsa.gov,1
tak.gov,1
childstats.gov,1
ed.gov,1
g5.gov,1
nagb.gov,1
nationsreportcard.gov,1
bpa.gov,1
casl.gov,1
driveelectric.gov,1
energy.gov,1
fueleconomy.gov,1
hanford.gov,1
nrel.gov,1
nuclear.gov,1
pnnl.gov,1
salmonrecovery.gov,1
sandia.gov,0
scidac.gov,1
acl.gov,1
agingstats.gov,1
alzheimers.gov,1
childwelfare.gov,1
clinicaltrials.gov,1
cms.gov,1
cuidadodesalud.gov,1
donaciondeorganos.gov,1
findtreatment.gov,1
foodsafety.gov,1
genome.gov,1
grants.gov,1
grantsolutions.gov,1
health.gov,1
healthcare.gov,1
healthdata.gov,1
hiv.gov,1
insurekidsnow.gov,1
medicaid.gov,1
medicalcountermeasures.gov,1
medlineplus.gov,1
organdonor.gov,1
stopalcoholabuse.gov,1
stopbullying.gov,1
tox21.gov,1
usphs.gov,1
whitehouseconferenceonaging.gov,1
womenshealth.gov,1
youth.gov,1
dotgov.gov,1
evus.gov,1
firstrespondertraining.gov,1
ice.gov,1
secretservice.gov,1
huduser.gov,1
ada.gov,1
atf.gov,1
dsac.gov,1
fbi.gov,1
fbijobs.gov,1
iprcenter.gov,1
learnatf.gov,1
nicic.gov,1
ojp.gov,1
ovcttac.gov,1
rcfl.gov,1
usmarshals.gov,1
benefits.gov,1
bls.gov,1
msha.gov,1
osha.gov,1
whistleblowers.gov,1
fan.gov,1
911.gov,1
ems.gov,1
esc.gov,1
va.gov,1
bia.gov,1
bsee.gov,1
doioig.gov,1
fws.gov,1
geoplatform.gov,1
mtbs.gov,1
nemi.gov,1
volunteer.gov,1
asap.gov,1
ayudaconmibanco.gov,1
bankanswers.gov,1
bankcustomer.gov,1
bankcustomerassistance.gov,1
bankhelp.gov,1
bondpro.gov,1
ccac.gov,1
complaintreferralexpress.gov,1
comptrollerofthecurrency.gov,1
eftps.gov,1
federalinvestments.gov,1
fedinvest.gov,1
ffb.gov,1
financialresearch.gov,1
fincen.gov,1
helpwithmybank.gov,1
helpwithmycheckingaccount.gov,1
helpwithmycreditcard.gov,1
helpwithmycreditcardbank.gov,1
helpwithmymortgage.gov,1
helpwithmymortgagebank.gov,1
ipp.gov,1
its.gov,1
myra.gov,1
nationalbankhelp.gov,1
occ.gov,1
occhelps.gov,1
ots.gov,1
pay.gov,1
savingsbond.gov,1
savingsbonds.gov,1
savingsbondwizard.gov,1
slgs.gov,1
taaps.gov,1
treaslockbox.gov,1
treasuryauctions.gov,1
treasurydirect.gov,1
treasuryhunt.gov,1
treasuryscams.gov,1
wizard.gov,1
dni.gov,1
iarpa.gov,1
intel.gov,1
intelligence.gov,1
odni.gov,1
airnow.gov,1
energystar.gov,1
epa.gov,1
foiaonline.gov,1
accedeainternet.gov,1
ai.gov,1
budget.gov,1
build.gov,1
childtaxcredit.gov,1
getinternet.gov,1
max.gov,1
omb.gov,1
ondcp.gov,1
pslf.gov,1
publicserviceloanforgiveness.gov,1
whitehouse.gov,1
fcc.gov,1
fdic.gov,1
fec.gov,1
fhfaoig.gov,1
federalreserveconsumerhelp.gov,1
fedpartnership.gov,1
frtib.gov,1
tsp.gov,1
donotcall.gov,1
econsumer.gov,1
identitytheft.gov,1
robodeidentidad.gov,1
cdo.gov,1
cfo.gov,1
challenge.gov,1
cio.gov,1
citizenscience.gov,1
cloud.gov,1
code.gov,1
cpars.gov,1
data.gov,1
digital.gov,1
fapiis.gov,1
fcsm.gov,1
fdms.gov,1
fedramp.gov,1
fpc.gov,1
fpds.gov,1
fsd.gov,1
idmanagement.gov,1
innovation.gov,1
login.gov,1
madeinamerica.gov,1
paymentaccuracy.gov,1
performance.gov,1
pic.gov,1
plainlanguage.gov,1
presidentialinnovationfellows.gov,1
regulations.gov,1
reporting.gov,1
saferfederalworkforce.gov,1
sbst.gov,1
search.gov,1
section508.gov,1
usability.gov,1
vote.gov,1
jusfc.gov,1
lsc.gov,1
ecr.gov,1
udall.gov,1
globe.gov,1
usgeo.gov,1
history.gov,1
ncpc.gov,1
mycreditunion.gov,1
ncua.gov,1
arts.gov,1
neh.gov,1
nmb.gov,1
quantum.gov,1
research.gov,1
usap.gov,1
nitrd.gov,1
nbrc.gov,1
oge.gov,1
cybercareers.gov,1
feb.gov,1
fedshirevets.gov,1
pmf.gov,1
telework.gov,1
unlocktalent.gov,1
usajobs.gov,1
prc.gov,1
sec.gov,1
sbir.gov,1
ssa.gov,1
stb.gov,1
childreninadversity.gov,1
feedthefuture.gov,1
neglecteddiseases.gov,1
pmi.gov,1
prosperafrica.gov,1
usaid.gov,1
workwithusaid.gov,1
heritageabroad.gov,1
uscirf.gov,1
biopreferred.gov,1
dietaryguidelines.gov,1
farmers.gov,1
recreation.gov,1
rural.gov,1
usda.gov,1
peacecorps.gov,1
access-board.gov,1
dfc.gov,1
uspsoig.gov,1
aoc.gov,1
gao.gov,1
ecfr.gov,1
federalregister.gov,1
gpo.gov,1
congress.gov,1
ocwr.gov,1
house.gov,1
republicanleader.gov,3
republicanwhip.gov,1
aftonwyoming.gov,1
alamoheightstx.gov,1
alfredme.gov,1
algercounty.gov,1
almontmichigan.gov,1
altavistava.gov,1
alton-tx.gov,1
amherstva.gov,1
andalusiaal.gov,1
annistonal.gov,1
arcadiaca.gov,1
argentinetownship.gov,1
asheboronc.gov,1
ashlandky.gov,1
athenstn.gov,1
augustamaine.gov,1
az-fhsd.gov,1
barrington-il.gov,1
bedfordchartertwpmi.gov,1
bedfordheights.gov,1
bellavistaar.gov,1
bellevueia.gov,1
bellevuewa.gov,1
beltontexas.gov,1
bigflatsny.gov,1
birminghamal.gov,1
bladensburgmd.gov,1
bluemoundtexas.gov,1
booneville-ms.gov,1
brentwoodnh.gov,1
broadview-il.gov,1
bunkerhilltx.gov,1
burbankca.gov,1
burbankil.gov,1
burr-ridge.gov,1
burtonmi.gov,1
camdenmaine.gov,1
canbymn.gov,1
cantonny.gov,1
capecoral.gov,1
capecoralfl.gov,1
careyohio.gov,1
casagrandeaz.gov,1
castlepinesco.gov,1
cavaliernd.gov,1
caycesc.gov,1
ceciltonmd.gov,1
cedarhurst.gov,1
ceredowv.gov,1
chattahoocheefl.gov,1
chesapeakecity-md.gov,1
chesapeakeva.gov,1
chillicotheoh.gov,1
chinagrovenc.gov,1
cityofalbionmi.gov,1
cityofcayce-sc.gov,1
cityofeuporams.gov,1
cityoffargo-nd.gov,1
cityofholyoke-co.gov,1
cityofhoodriver.gov,1
cityofhubbard-oh.gov,1
cityofirondaleal.gov,1
cityofmenasha-wi.gov,1
cityofsalemnj.gov,1
clarkstonga.gov,1
cliffsideparknj.gov,1
cmsdca.gov,1
coalcity-il.gov,1
collegedaletn.gov,1
columbiaheightsmn.gov,1
columbusga.gov,1
concordnc.gov,1
conneautohio.gov,1
conshohockenpa.gov,1
corfuny.gov,1
covingtonky.gov,1
covingtonwa.gov,1
cranstonri.gov,1
cudahy-wi.gov,1
culpeperva.gov,1
dadecityfl.gov,1
dalton-ma.gov,1
daughertytownship-pa.gov,1
deerpark-oh.gov,1
deltami.gov,1
dextermi.gov,1
dighton-ma.gov,1
discoverwaukesha-wi.gov,1
druidhillsky.gov,1
duluthmn.gov,1
dumastx.gov,1
dumfriesva.gov,1
dumontnj.gov,1
dunellen-nj.gov,1
dushorepa.gov,1
eastpointemi.gov,1
eastspencer.gov,1
eatonbrowncountywi.gov,1
edgewood-nm.gov,1
edisonnj.gov,1
elkocitynv.gov,1
ellington-ct.gov,1
emmitsburgmd.gov,1
encinitasca.gov,1
erwinmi.gov,1
estero-fl.gov,1
fairbornoh.gov,1
fargond.gov,1
farmvillenc.gov,1
florenceaz.gov,1
floresvilleedctx.gov,1
floresvilletx.gov,1
fortatkinsonwi.gov,1
franklin-townshipohio.gov,1
fremonthills.gov,1
fruitporttownship-mi.gov,1
fulsheartexas.gov,1
gary.gov,1
gatlinburgtn.gov,1
georgetownohio.gov,1
georgetownsc.gov,1
gpshoresmi.gov,1
grantsvilleut.gov,1
grayville-il.gov,1
greenevilletn.gov,1
greenfieldtownshippa.gov,1
greenwoodne.gov,1
greshamoregon.gov,1
groton-ct.gov,1
gunnisonco.gov,1
hamptonsc.gov,1
havanail.gov,1
hendersonvillenc.gov,1
hermonmaine.gov,1
heyworth-il.gov,1
hopkintonma.gov,1
huachucacityaz.gov,1
hueytownal.gov,1
hurlock-md.gov,1
hurontownship-mi.gov,1
huttotxedc.gov,1
indy.gov,1
irontonmo.gov,1
jacksonvilleil.gov,1
jeffersoncitymo.gov,1
jemezsprings-nm.gov,1
jerichovt.gov,1
kannapolisnc.gov,1
keansburgnj.gov,1
kelso.gov,1
kenedytx.gov,1
kielwi.gov,1
kimballwi.gov,1
kinderhook-ny.gov,1
kingstontn.gov,1
kiskitownship-pa.gov,1
knightdalenc.gov,1
kpl.gov,1
lagovistatexas.gov,1
lakegroveny.gov,1
lakelandga.gov,1
lakeworthbeachfl.gov,1
lamoine-me.gov,1
lancasterny.gov,1
lanesboro-mn.gov,1
lasvegasnevada.gov,1
lawrencepa.gov,1
lawsonmo.gov,1
lebanonohio.gov,1
leesburgflorida.gov,1
lehi-ut.gov,1
leonvalleytexas.gov,1
libertyin.gov,1
littlerock.gov,1
louisvilleky.gov,1
lovingnm.gov,1
lowellmi.gov,1
lymansc.gov,1
lyndontownshipmi.gov,1
manassasva.gov,1
manortx.gov,1
maplegrovetownshipmi.gov,1
marvinnc.gov,1
mccomb-ms.gov,1
mcminnvilletn.gov,1
merchantvillenj.gov,1
miamilakes-fl.gov,1
millikenco.gov,1
mooresvillenc.gov,1
morehead-ky.gov,1
morningsidemd.gov,1
moselwi.gov,1
mountkiscony.gov,1
mundytwp-mi.gov,1
natchitochesla.gov,1
nebraskacityne.gov,1
newbernnc.gov,1
newbritainct.gov,1
newcastleok.gov,1
newlondonwi.gov,1
newportoregon.gov,1
newrichmondwi.gov,1
nilestwpmi.gov,1
nolanvilletx.gov,1
nolensvilletn.gov,1
normandyparkwa.gov,1
normanok.gov,1
northadams-ma.gov,1
northfieldmi.gov,1
northfieldvillage-oh.gov,1
northuniontownship-pa.gov,1
northvernon-in.gov,1
northwoodoh.gov,1
norwaymi.gov,1
nsidfl.gov,1
oakparkmi.gov,1
ogallala-ne.gov,1
okemahok.gov,1
olympiawa.gov,1
orwigsburg.gov,1
oscodatownshipmi.gov,1
owensboroky.gov,1
oxfordal.gov,1
peabody-ma.gov,1
pennfieldmi.gov,1
pennhillspa.gov,1
perrysburgoh.gov,1
peterboroughnh.gov,1
piermont-ny.gov,1
piketonohio.gov,1
plainfieldnj.gov,1
pleasantontx.gov,1
portalesnm.gov,1
portland.gov,1
portwing.gov,1
prairieviewtexas.gov,1
proctormn.gov,1
providenceri.gov,1
quitmanga.gov,1
ranchomirageca.gov,1
readyhoustontx.gov,1
redrivernm.gov,1
remington-va.gov,1
renotx.gov,1
ribmountainwi.gov,1
richfieldmn.gov,1
riverdaleparkmd.gov,1
riversideca.gov,1
rivertonutah.gov,1
rivertonwy.gov,1
rolesvillenc.gov,1
royaltonvt.gov,1
sammamishwa.gov,1
sandimasca.gov,1
sanfordfl.gov,1
scituateri.gov,1
scribner-ne.gov,1
sealbeachca.gov,1
sedro-woolley.gov,1
seguintexas.gov,1
selma-al.gov,1
sheltonwa.gov,1
shorteral.gov,1
simontontexas.gov,1
smithfieldva.gov,1
smithsstational.gov,1
somersct.gov,1
somertonaz.gov,1
somervillema.gov,1
somervilletx.gov,1
southbend-wa.gov,1
southburlingtonvt.gov,1
southernshores-nc.gov,1
southhavenmi.gov,1
southogdencity.gov,1
springervilleaz.gov,1
stalbansvt.gov,1
stantonca.gov,1
staytonoregon.gov,1
stlucievillagefl.gov,1
stmarysga.gov,1
stockbridge-ma.gov,1
suamicowi.gov,1
sumtersc.gov,1
swanseama.gov,1
swanzeynh.gov,1
sweenytx.gov,1
tampa.gov,1
tayloraz.gov,1
templetx.gov,1
thomasville-nc.gov,1
thornebay-ak.gov,1
tiffinohio.gov,1
tobnm.gov,1
tombeantx.gov,1
topsailbeachnc.gov,1
townofblythewoodsc.gov,1
townofjayny.gov,1
townoflandisnc.gov,1
townoflapointewi.gov,1
townofnorwaywi.gov,1
townofrichlandwi.gov,1
townofulyssesny.gov,1
townofwalworthwi.gov,1
townofwarren-ri.gov,1
townshipoftabernacle-nj.gov,1
traversecitymi.gov,1
trentonga.gov,1
troymi.gov,1
tryonnc.gov,1
ttd.gov,1
tuckerga.gov,1
tupeloms.gov,1
tusayan-az.gov,1
twoharborsmn.gov,1
tyronega.gov,1
unionspringsal.gov,1
uplandca.gov,1
uppermarlboromd.gov,1
uvaldetx.gov,1
vernon-ct.gov,1
vernonia-or.gov,1
victoridaho.gov,1
villageofarenawi.gov,1
villageofbabylonny.gov,1
villageofmisenheimernc.gov,1
villageofowegony.gov,1
virginiabeach.gov,1
vonormytx.gov,1
wakeforestnc.gov,1
washingtonnc.gov,1
washingtonva.gov,1
washmo.gov,1
waterboro-me.gov,1
waterlooin.gov,1
watertownwi.gov,1
wauconda-il.gov,1
waukesha-wi.gov,1
waurika.gov,1
weaveral.gov,1
wellstonok.gov,1
wenhamma.gov,1
weslacotx.gov,1
westhartfordct.gov,1
westyorkpa.gov,1
wetumpkaal.gov,1
whitehouseoh.gov,1
williamstownma.gov,1
willmarmn.gov,1
willoughbyhills-oh.gov,1
winchester-in.gov,1
windsor-va.gov,1
winslow-me.gov,1
woodfin-nc.gov,1
woodridgeil.gov,1
woodstockga.gov,1
wylietexas.gov,1
wyomingmi.gov,1
wyomingohio.gov,1
yarrowpointwa.gov,1
yelmwa.gov,1
youngstownohio.gov,1
zilwaukeemichigan.gov,1
alleganyco.gov,1
allencountyinvoters.gov,1
arenaccountymi.gov,1
averycountync.gov,1
bartowcountyga.gov,1
bedfordcountytn.gov,1
blandcountyva.gov,1
boonecountyil.gov,1
brantleycounty-ga.gov,1
calhouncountymi.gov,1
cameroncountytx.gov,1
carboncountypa.gov,1
carrollcountyva.gov,1
chathamcountyga.gov,1
cherokeecounty-nc.gov,1
clarkcountynv.gov,1
craigheadcountyar.gov,1
cumingcountyne.gov,1
dickinsoncountymi.gov,1
dodgecountymn.gov,1
edgecombecountync.gov,1
escambiacountyal.gov,1
fairfieldcountyohioworkforcecenter.gov,1
franklincountyia.gov,1
franklincountync.gov,1
franklincountyny.gov,1
fremontcountywy.gov,1
fultoncountyga.gov,1
gadsdencountyfl.gov,1
ggsc.gov,1
gilacountyaz.gov,1
gogebiccountymi.gov,1
grimescountytexas.gov,1
grundycountyiowa.gov,1
hamblencountytn.gov,1
hamiltoncountyil.gov,1
harrisoncountyms.gov,1
harrisoncountywv.gov,1
henrycountyva.gov,1
hertfordcountync.gov,1
highlandsclerkfl.gov,1
highlandsfl.gov,1
hydecountync.gov,1
indianriver.gov,1
jacksoncountyfl.gov,1
jeffersoncountywi.gov,1
josephinecounty.gov,1
keithcountyne.gov,1
lakecountyclerkfl.gov,1
leavenworthcounty.gov,1
leecountync.gov,1
lincolncountyne.gov,1
lincolncountytn.gov,1
lincolncountywy.gov,1
louisacountyia.gov,1
lunenburgva.gov,1
maconcountytn.gov,1
macoupinvotes.gov,1
madisoncountyil.gov,1
marioncounty-mo.gov,1
mcdonaldcountymo.gov,1
mcleodcountymn.gov,1
monongaliacounty.gov,1
monroecounty.gov,1
monroecountyny-opi.gov,1
montgomerycountyva.gov,1
morgancountytn.gov,1
morrowcountyohio.gov,1
moultriecountyil.gov,1
murraycountymn.gov,1
noblecountyohio.gov,1
orleanscountyny.gov,1
pershingcountynv.gov,1
piercecountyga.gov,1
plymouthcountyiowa.gov,1
polknc.gov,1
poseycountyin.gov,1
putnamil.gov,1
randolphcountyal.gov,1
rappahannockcountyva.gov,1
rockdalecountyga.gov,1
rosebudcountymt.gov,1
rutherfordcountync.gov,1
sagadahoccountyme.gov,1
salemcountynj.gov,1
schuylkillcountypa.gov,1
sibleycounty.gov,1
simpsoncountyky.gov,1
slopecountynd.gov,1
starkcountyohio.gov,1
steelecountymn.gov,1
stephensoncountyil.gov,1
stillwatercountymt.gov,1
stlouiscountymn.gov,1
stonecountymo.gov,1
suffieldct.gov,1
summerscountywv.gov,1
sumnercountytn.gov,1
sumtercountysc.gov,1
sussexcountyva.gov,1
thayercountyne.gov,1
trousdalecountytn.gov,1
unioncountyil.gov,1
unioncountytn.gov,1
vilascountywi.gov,1
votedenton.gov,1
votehamiltoncountyohio.gov,1
warrencountytn.gov,1
warrencountyva.gov,1
waupacacounty-wi.gov,1
waynecountytn.gov,1
webstercountyia.gov,1
webstercountymo.gov,1
willcounty911.gov,1
willcountyclerk.gov,1
wilsoncountytx.gov,1
yavapaiaz.gov,1
ycsoaz.gov,1
acsd-az.gov,1
banninglibraryca.gov,1
crca911co.gov,1
dupageresults.gov,1
farda.gov,1
glacierviewfire.gov,1
hrpdcva.gov,1
martinvotes.gov,1
mnhc.gov,1
mnhousing.gov,1
ocprintgraphics.gov,1
portofcateslandingtn.gov,1
portofephrata.gov,1
prwid.gov,1
tha.gov,1
wmataoig.gov,1
alabama.gov,1
alabamabuys.gov,1
alaska.gov,1
aldoi.gov,1
ardot.gov,1
arizonajobconnection.gov,1
arkansasag.gov,1
arklegaudit.gov,1
artreasury.gov,1
artrs.gov,1
az529.gov,1
az911.gov,1
azauditor.gov,1
azcc.gov,1
azcjc.gov,1
azdo.gov,1
azhouse.gov,1
azjlbc.gov,1
azjobconnection.gov,1
azleg.gov,1
azmd.gov,1
azpa.gov,1
azsenate.gov,1
azstatejobs.gov,1
azwpf.gov,1
betsylehmancenterma.gov,1
coloradopost.gov,1
coloradosos.gov,1
ct.gov,1
dccourts.gov,1
dcradio.gov,1
employnv.gov,1
floridahealthfinder.gov,1
flpd6.gov,1
greatiowatreasurehunt.gov,1
healthearizonaplus.gov,1
healthysd.gov,1
homebaseiowa.gov,1
iable.gov,1
idahoworks.gov,1
indianaunclaimed.gov,1
iowaattorneygeneral.gov,1
iowacourts.gov,1
iowadnr.gov,1
iowafraudfighters.gov,1
iowajnc.gov,1
iowajqc.gov,1
iowasexoffender.gov,1
iowatreasurer.gov,1
iowaworks.gov,1
jobs4tn.gov,1
kansas.gov,1
kansascommerce.gov,1
kscareernav.gov,1
lcsami.gov,1
maineunclaimedproperty.gov,1
myalabama.gov,1
ncbar.gov,1
nccertifiedparalegal.gov,1
nchaf.gov,1
nclamp.gov,1
nclawspecialists.gov,1
ncmedicaidplans.gov,1
ncworks.gov,1
nebraskacorn.gov,1
njstart.gov,1
noexcusesc.gov,1
ny.gov,1
nyhousingsearch.gov,1
ohiocourtofclaims.gov,1
okcommerce.gov,1
oregonbuys.gov,1
oregonstudentaid.gov,1
pa.gov,1
save4lateriowa.gov,1
scvotes.gov,1
sdlegislature.gov,1
sdresponse.gov,1
sdsos.gov,1
sdtreasurer.gov,1
sosmt.gov,1
texascourthelp.gov,1
texasjcmh.gov,1
txcourts.gov,1
txdmv.gov,1
virginiaresources.gov,1
westvirginia.gov,1
wvdnr.gov,1
wvoasis.gov,1
badriver-nsn.gov,1
burnspaiute-nsn.gov,1
chilkat-nsn.gov,1
chilkoot-nsn.gov,1
chitimacha.gov,1
ktik-nsn.gov,1
manzanita-nsn.gov,1
pitu.gov,1
redcliff-nsn.gov,1
rincon-nsn.gov,1
scat-nsn.gov,1
sno-nsn.gov,1
srmt-nsn.gov,1
srrgc-nsn.gov,1
tachi-yokut-nsn.gov,1
tulaliptribes-nsn.gov,1
